<?xml version="1.0" encoding="UTF-8"?>
<project-private xmlns="http://www.netbeans.org/ns/project-private/1">
    <editor-bookmarks xmlns="http://www.netbeans.org/ns/editor-bookmarks/2" lastBookmarkId="1">
        <file>
            <url>web/index.jsp</url>
            <bookmark id="1">
                <name/>
                <line>125</line>
                <key/>
            </bookmark>
        </file>
    </editor-bookmarks>
    <open-files xmlns="http://www.netbeans.org/ns/projectui-open-files/2">
        <group>
            <file>file:/C:/Users/becka/OneDrive/Escritorio/Desarrollo%20De%20Aplicaciones%20Distribuidas/Tarea%2016%20Rest%20Java/Rest/src/java/operaciones/Calculadora.java</file>
            <file>file:/C:/Users/becka/OneDrive/Escritorio/Desarrollo%20De%20Aplicaciones%20Distribuidas/Tarea%2016%20Rest%20Java/Rest/web/index.jsp</file>
            <file>file:/C:/Users/becka/OneDrive/Escritorio/Desarrollo%20De%20Aplicaciones%20Distribuidas/Tarea%2016%20Rest%20Java/Rest/src/java/operaciones/Configuracion.java</file>
        </group>
    </open-files>
</project-private>
